'FLWS': 'https://logo.clearbit.com/1800flowers.com',
'PIH': 'https://logo.clearbit.com/1347pih.com',
'SRCE': 'https://logo.clearbit.com/1stsource.com',
'TWOU': 'https://logo.clearbit.com/2u.com',
'AMRK': 'https://logo.clearbit.com/amark.com',
'ABMD': 'https://logo.clearbit.com/abiomed.com',
'ACIU': 'https://logo.clearbit.com/acimmune.com',
'ACIW': 'https://logo.clearbit.com/aciworldwide.com',
'ADTN': 'https://logo.clearbit.com/adtran.com',
'AMAG': 'https://logo.clearbit.com/amagpharma.com',
'AMCX': 'https://logo.clearbit.com/amcnetworks.com',
'ANSS': 'https://logo.clearbit.com/ansys.com',
'ATNI': 'https://logo.clearbit.com/atni.com',
'AVEO': 'https://logo.clearbit.com/aveooncology.com',
'ABEO': 'https://logo.clearbit.com/abeonatherapeutics.com',
'ACTG': 'https://logo.clearbit.com/acaciaresearch.com',
'ACHC': 'https://logo.clearbit.com/acadiahealthcare.com',
'XLRN': 'https://logo.clearbit.com/acceleronpharma.com',
'ARAY': 'https://logo.clearbit.com/accuray.com',
'ACRX': 'https://logo.clearbit.com/acelrx.com',
'ACRS': 'https://logo.clearbit.com/aclaristx.com',
'ACOR': 'https://logo.clearbit.com/acorda.com',
'ATVI': 'https://logo.clearbit.com/activisionblizzard.com',
'ADBE': 'https://logo.clearbit.com/adobe.com',
'AEIS': 'https://logo.clearbit.com/advancedenergy.com',
'AMD': 'https://logo.clearbit.com/amd.com',
'ADVM': 'https://logo.clearbit.com/adverum.com',
'AGLE': 'https://logo.clearbit.com/aegleabio.com',
'AEHR': 'https://logo.clearbit.com/aehr.com',
'AERI': 'https://logo.clearbit.com/aeriepharma.com',
'AVAV': 'https://logo.clearbit.com/avinc.com',
'AFMD': 'https://logo.clearbit.com/affimed.com',
'UAVS': 'https://logo.clearbit.com/ageagle.com',
'AGRX': 'https://logo.clearbit.com/agiletherapeutics.com',
'AGIO': 'https://logo.clearbit.com/agios.com',
'AGFS': 'https://logo.clearbit.com/agrofresh.com',
'AIMT': 'https://logo.clearbit.com/aimmune.com',
'AIRT': 'https://logo.clearbit.com/airt.net',
'AIRG': 'https://logo.clearbit.com/airgain.com',
'AKAM': 'https://logo.clearbit.com/akamai.com',
'AKTX': 'https://logo.clearbit.com/akaritx.com',
'AKBA': 'https://logo.clearbit.com/akebia.com',
'AKTS': 'https://logo.clearbit.com/akoustis.com',
'ALRM': 'https://logo.clearbit.com/alarm.com',
'ALSK': 'https://logo.clearbit.com/alaskacommunications.com',
'ALBO': 'https://logo.clearbit.com/albireopharma.com',
'ALDX': 'https://logo.clearbit.com/aldeyra.com',
'ALXN': 'https://logo.clearbit.com/alexion.com',
'ALCO': 'https://logo.clearbit.com/alicoinc.com',
'ALKS': 'https://logo.clearbit.com/alkermes.com',
'ABTX': 'https://logo.clearbit.com/allegiancebank.com',
'ALGT': 'https://logo.clearbit.com/allegiantair.com',
'MDRX': 'https://logo.clearbit.com/allscripts.com',
'ALNY': 'https://logo.clearbit.com/alnylam.com',
'AOSL': 'https://logo.clearbit.com/aosmd.com',
'GOOG': 'https://logo.clearbit.com/abc.xyz',
'ALTR': 'https://logo.clearbit.com/altair.com',
'ASPS': 'https://logo.clearbit.com/altisource.com',
'AMZN': 'https://logo.clearbit.com/amazon.com',
'AMBC': 'https://logo.clearbit.com/ambac.com',
'AMBA': 'https://logo.clearbit.com/ambarella.com',
'DOX': 'https://logo.clearbit.com/amdocs.com',
'AMED': 'https://logo.clearbit.com/amedisys.com',
'ASRV': 'https://logo.clearbit.com/ameriserv.com',
'CRMT': 'https://logo.clearbit.com/car-mart.com',
'AAL': 'https://logo.clearbit.com/aa.com',
'APEI': 'https://logo.clearbit.com/apei.com',
'ARCT': 'https://logo.clearbit.com/arcturusrx.com',
'AMSWA': 'https://logo.clearbit.com/amsoftware.com',
'AMWD': 'https://logo.clearbit.com/americanwoodmark.com',
'AMSF': 'https://logo.clearbit.com/amerisafe.com',
'AMGN': 'https://logo.clearbit.com/amgen.com',
'FOLD': 'https://logo.clearbit.com/amicusrx.com',
'AMKR': 'https://logo.clearbit.com/amkor.com',
'ANAB': 'https://logo.clearbit.com/anaptysbio.com',
'ANDE': 'https://logo.clearbit.com/andersonsinc.com',
'ANIK': 'https://logo.clearbit.com/anikatherapeutics.com',
'APOG': 'https://logo.clearbit.com/apog.com',
'APEN': 'https://logo.clearbit.com/apolloendo.com',
'APPF': 'https://logo.clearbit.com/appfolioinc.com',
'APPN': 'https://logo.clearbit.com/appian.com',
'AAPL': 'https://logo.clearbit.com/apple.com',
'AGTC': 'https://logo.clearbit.com/agtc.com',
'AMAT': 'https://logo.clearbit.com/appliedmaterials.com',
'AQMS': 'https://logo.clearbit.com/aquametals.com',
'AQB': 'https://logo.clearbit.com/aquabounty.com',
'ABUS': 'https://logo.clearbit.com/arbutusbio.com',
'ARCB': 'https://logo.clearbit.com/arcb.com',
'ACGLP': 'https://logo.clearbit.com/archcapgroup.com',
'ARDX': 'https://logo.clearbit.com/ardelyx.com',
'ARCC': 'https://logo.clearbit.com/arescapitalcorp.com',
'ARKR': 'https://logo.clearbit.com/arkrestaurants.com',
'ARTW': 'https://logo.clearbit.com/artsway-mfg.com',
'ASFI': 'https://logo.clearbit.com/astafunding.com',
'ASTE': 'https://logo.clearbit.com/astecindustries.com',
'ALOT': 'https://logo.clearbit.com/astronovainc.com',
'ATRO': 'https://logo.clearbit.com/astronics.com',
'ASUR': 'https://logo.clearbit.com/asuresoftware.com',
'ATRA': 'https://logo.clearbit.com/atarabio.com',
'ATNX': 'https://logo.clearbit.com/athenex.com',
'ATHX': 'https://logo.clearbit.com/athersys.com',
'ATLC': 'https://logo.clearbit.com/atlanticus.com',
'AAWW': 'https://logo.clearbit.com/atlasair.com',
'TEAM': 'https://logo.clearbit.com/atlassian.com',
'ATRC': 'https://logo.clearbit.com/atricure.com',
'AUDC': 'https://logo.clearbit.com/audiocodes.com',
'AUPH': 'https://logo.clearbit.com/auriniapharma.com',
'ADSK': 'https://logo.clearbit.com/autodesk.com',
'ADP': 'https://logo.clearbit.com/adp.com',
'AVID': 'https://logo.clearbit.com/avid.com',
'CAR': 'https://logo.clearbit.com/avisbudgetgroup.com',
'AWRE': 'https://logo.clearbit.com/aware.com',
'AXGN': 'https://logo.clearbit.com/axogeninc.com',
'AAXN': 'https://logo.clearbit.com/axon.com',
'AZRX': 'https://logo.clearbit.com/azurrx.com',
'BCOM': 'https://logo.clearbit.com/bcommunications.co.il',
'RILY': 'https://logo.clearbit.com/brileyfin.com',
'TECH': 'https://logo.clearbit.com/bio-techne.com',
'BJRI': 'https://logo.clearbit.com/bjsrestaurants.com',
'BMCH': 'https://logo.clearbit.com/buildwithbmc.com',
'BOKF': 'https://logo.clearbit.com/investor.bokf.com',
'BIDU': 'https://logo.clearbit.com/baidu.com',
'BCPC': 'https://logo.clearbit.com/balchem.com',
'BLDP': 'https://logo.clearbit.com/ballard.com',
'BSET': 'https://logo.clearbit.com/bassettfurniture.com',
'BV': 'https://logo.clearbit.com/brightview.com',
'BECN': 'https://logo.clearbit.com/becn.com',
'BBGI': 'https://logo.clearbit.com/bbgi.com',
'BBBY': 'https://logo.clearbit.com/bedbathandbeyond.com',
'BGNE': 'https://logo.clearbit.com/beigene.com',
'BELFB': 'https://logo.clearbit.com/belfuse.com',
'BELFA': 'https://logo.clearbit.com/belfuse.com',
'BNFT': 'https://logo.clearbit.com/benefitfocus.com',
'BYSI': 'https://logo.clearbit.com/beyondspringpharma.com',
'BGFV': 'https://logo.clearbit.com/big5sportinggoods.com',
'BCRX': 'https://logo.clearbit.com/biocryst.com',
'BDSI': 'https://logo.clearbit.com/bdsi.com',
'BMRN': 'https://logo.clearbit.com/biomarin.com',
'BEAT': 'https://logo.clearbit.com/gobio.com',
'BIIB': 'https://logo.clearbit.com/biogen.com',
'BVXV': 'https://logo.clearbit.com/biondvax.com',
'BLMN': 'https://logo.clearbit.com/bloominbrands.com',
'BCOR': 'https://logo.clearbit.com/blucora.com',
'BPMC': 'https://logo.clearbit.com/blueprintmedicines.com',
'WIFI': 'https://logo.clearbit.com/boingo.com',
'BPFH': 'https://logo.clearbit.com/bostonprivate.com',
'EPAY': 'https://logo.clearbit.com/bottomline.com',
'BOXL': 'https://logo.clearbit.com/investors.boxlight.com',
'BDGE': 'https://logo.clearbit.com/bnbbank.com',
'BRID': 'https://logo.clearbit.com/bridgford.com',
'BCOV': 'https://logo.clearbit.com/brightcove.com',
'AVGO': 'https://logo.clearbit.com/broadcom.com',
'BRKS': 'https://logo.clearbit.com/brooks.com',
'BRKR': 'https://logo.clearbit.com/bruker.com',
'BMTC': 'https://logo.clearbit.com/bmt.com',
'BLDR': 'https://logo.clearbit.com/bldr.com',
'CFFI': 'https://logo.clearbit.com/cffc.com',
'CBOE': 'https://logo.clearbit.com/cboe.com',
'CDK': 'https://logo.clearbit.com/cdkglobal.com',
'CEVA': 'https://logo.clearbit.com/ceva-dsp.com',
'CHSCN': 'https://logo.clearbit.com/chsinc.com',
'CHSCO': 'https://logo.clearbit.com/chsinc.com',
'CHSCM': 'https://logo.clearbit.com/chsinc.com',
'CHSCL': 'https://logo.clearbit.com/chsinc.com',
'CLIR': 'https://logo.clearbit.com/clearsign.com',
'CME': 'https://logo.clearbit.com/cmegroup.com',
'CNMD': 'https://logo.clearbit.com/conmed.com',
'CPSH': 'https://logo.clearbit.com/alsic.com',
'CRAI': 'https://logo.clearbit.com/crai.com',
'CSGS': 'https://logo.clearbit.com/csgi.com',
'CSPI': 'https://logo.clearbit.com/cspi.com',
'CSWI': 'https://logo.clearbit.com/cswindustrials.com',
'CSX': 'https://logo.clearbit.com/csx.com',
'CVBF': 'https://logo.clearbit.com/cbbank.com',
'CVV': 'https://logo.clearbit.com/cvdequipment.com',
'CCMP': 'https://logo.clearbit.com/cabotcmp.com',
'CDNS': 'https://logo.clearbit.com/cadence.com',
'CZR': 'https://logo.clearbit.com/caesars.com',
'CSTE': 'https://logo.clearbit.com/caesarstone.com',
'CAMP': 'https://logo.clearbit.com/calamp.com',
'CHY': 'https://logo.clearbit.com/fundinvestor.calamos.com',
'CCD': 'https://logo.clearbit.com/calamos.com',
'CHW': 'https://logo.clearbit.com/calamos.com',
'CVGW': 'https://logo.clearbit.com/calavo.com',
'CALA': 'https://logo.clearbit.com/calithera.com',
'CAC': 'https://logo.clearbit.com/camdennational.com',
'CSIQ': 'https://logo.clearbit.com/canadiansolar.com',
'CCBG': 'https://logo.clearbit.com/ccbg.com',
'CSWC': 'https://logo.clearbit.com/capitalsouthwest.com',
'CPTA': 'https://logo.clearbit.com/capitalagroup.com',
'CFFN': 'https://logo.clearbit.com/capfed.com',
'CSTR': 'https://logo.clearbit.com/capstarbank.com',
'CARA': 'https://logo.clearbit.com/caratherapeutics.com',
'CSII': 'https://logo.clearbit.com/csi360.com',
'CATM': 'https://logo.clearbit.com/cardtronics.com',
'CDNA': 'https://logo.clearbit.com/caredx.com',
'TAST': 'https://logo.clearbit.com/carrols.com',
'CWST': 'https://logo.clearbit.com/casella.com',
'CASY': 'https://logo.clearbit.com/caseys.com',
'CATY': 'https://logo.clearbit.com/cathaygeneralbancorp.com',
'CVCO': 'https://logo.clearbit.com/cavco.com',
'CLLS': 'https://logo.clearbit.com/cellectis.com',
'CBMG': 'https://logo.clearbit.com/cellbiomedgroup.com',
'CDEV': 'https://logo.clearbit.com/cdevinc.com',
'CENTA': 'https://logo.clearbit.com/central.com',
'CENT': 'https://logo.clearbit.com/central.com',
'CVCY': 'https://logo.clearbit.com/cvcb.com',
'CNBKA': 'https://logo.clearbit.com/centurybank.com',
'CRNT': 'https://logo.clearbit.com/ceragon.com',
'CERC': 'https://logo.clearbit.com/cerecor.com',
'CERN': 'https://logo.clearbit.com/cerner.com',
'CTHR': 'https://logo.clearbit.com/charlesandcolvard.com',
'GTLS': 'https://logo.clearbit.com/chartindustries.com',
'CHTR': 'https://logo.clearbit.com/corporate.charter.com',
'CAKE': 'https://logo.clearbit.com/thecheesecakefactory.com',
'CHEF': 'https://logo.clearbit.com/chefswarehouse.com',
'CCXI': 'https://logo.clearbit.com/chemocentryx.com',
'CHMG': 'https://logo.clearbit.com/chemungcanal.com',
'CHMA': 'https://logo.clearbit.com/chiasmapharma.com',
'CBNK': 'https://logo.clearbit.com/capitalbankmd.com',
'PLCE': 'https://logo.clearbit.com/childrensplace.com',
'CMRX': 'https://logo.clearbit.com/chimerix.com',
'NEXT': 'https://logo.clearbit.com/next-decade.com',
'CHDN': 'https://logo.clearbit.com/churchilldownsincorporated.com',
'CHUY': 'https://logo.clearbit.com/chuys.com',
'CDTX': 'https://logo.clearbit.com/cidara.com',
'CMPR': 'https://logo.clearbit.com/cimpress.com',
'CINF': 'https://logo.clearbit.com/cinfin.com',
'CTAS': 'https://logo.clearbit.com/cintas.com',
'CTRN': 'https://logo.clearbit.com/cititrends.com',
'CZNC': 'https://logo.clearbit.com/cnbankpa.com',
'CZWI': 'https://logo.clearbit.com/ccf.us',
'CTXS': 'https://logo.clearbit.com/citrix.com',
'CHCO': 'https://logo.clearbit.com/bankatcity.com',
'CLNE': 'https://logo.clearbit.com/cleanenergyfuels.com',
'CLSD': 'https://logo.clearbit.com/clearsidebio.com',
'CLVS': 'https://logo.clearbit.com/clovisoncology.com',
'CSGP': 'https://logo.clearbit.com/costargroup.com',
'COKE': 'https://logo.clearbit.com/cokeconsolidated.com',
'CDXS': 'https://logo.clearbit.com/codexis.com',
'CVLY': 'https://logo.clearbit.com/peoplesbanknet.com',
'JVA': 'https://logo.clearbit.com/coffeeholding.com',
'CGNX': 'https://logo.clearbit.com/cognex.com',
'CTSH': 'https://logo.clearbit.com/cognizant.com',
'COHR': 'https://logo.clearbit.com/coherent.com',
'CHRS': 'https://logo.clearbit.com/coherus.com',
'COHU': 'https://logo.clearbit.com/cohu.com',
'CIGI': 'https://logo.clearbit.com/colliers.com',
'CBAN': 'https://logo.clearbit.com/colonybank.com',
'COLB': 'https://logo.clearbit.com/columbiabank.com',
'COLM': 'https://logo.clearbit.com/columbia.com',
'CMCO': 'https://logo.clearbit.com/cmworks.com',
'CVLT': 'https://logo.clearbit.com/commvault.com',
'CBSH': 'https://logo.clearbit.com/commercebank.com',
'CBSHP': 'https://logo.clearbit.com/commercebank.com',
'COMM': 'https://logo.clearbit.com/commscope.com',
'CFBI': 'https://logo.clearbit.com/newtonfederal.com',
'CGEN': 'https://logo.clearbit.com/cgen.com',
'CPSI': 'https://logo.clearbit.com/cpsi.com',
'CTG': 'https://logo.clearbit.com/ctg.com',
'CPWR': 'https://logo.clearbit.com/otecorporation.com',
'CFMS': 'https://logo.clearbit.com/conformis.com',
'CNFR': 'https://logo.clearbit.com/cnfrh.com',
'CONN': 'https://logo.clearbit.com/conns.com',
'CPSS': 'https://logo.clearbit.com/consumerportfolio.com',
'CPRT': 'https://logo.clearbit.com/copart.com',
'CRVL': 'https://logo.clearbit.com/corvel.com',
'CRBP': 'https://logo.clearbit.com/corbuspharma.com',
'CORT': 'https://logo.clearbit.com/corcept.com',
'CSOD': 'https://logo.clearbit.com/cornerstoneondemand.com',
'COST': 'https://logo.clearbit.com/costco.com',
'ICBK': 'https://logo.clearbit.com/investorscommunitybank.com',
'COUP': 'https://logo.clearbit.com/coupa.com',
'CVTI': 'https://logo.clearbit.com/covenanttransport.com',
'CREE': 'https://logo.clearbit.com/cree.com',
'CRESY': 'https://logo.clearbit.com/cresud.com.ar',
'CRSP': 'https://logo.clearbit.com/crisprtx.com',
'CRTO': 'https://logo.clearbit.com/criteo.com',
'CROX': 'https://logo.clearbit.com/crocs.com',
'CCRN': 'https://logo.clearbit.com/crosscountryhealthcare.com',
'CRWS': 'https://logo.clearbit.com/crowncrafts.com',
'CMLS': 'https://logo.clearbit.com/cumulusmedia.com',
'CYBE': 'https://logo.clearbit.com/cyberoptics.com',
'CYBR': 'https://logo.clearbit.com/cyberark.com',
'CONE': 'https://logo.clearbit.com/cyrusone.com',
'CTMX': 'https://logo.clearbit.com/cytomx.com',
'DBVT': 'https://logo.clearbit.com/dbv-technologies.com',
'DISH': 'https://logo.clearbit.com/dish.com',
'DLHC': 'https://logo.clearbit.com/dlhcorp.com',
'DSPG': 'https://logo.clearbit.com/dspg.com',
'DRRX': 'https://logo.clearbit.com/durect.com',
'DJCO': 'https://logo.clearbit.com/dailyjournal.com',
'DAKT': 'https://logo.clearbit.com/daktronics.com',
'HCACU': 'https://logo.clearbit.com/hennessycapllc.com',
'DAIO': 'https://logo.clearbit.com/dataio.com',
'PLAY': 'https://logo.clearbit.com/ir.daveandbusters.com',
'DTEA': 'https://logo.clearbit.com/davidstea.com',
'TACO': 'https://logo.clearbit.com/deltaco.com',
'DELL': 'https://logo.clearbit.com/delltechnologies.com',
'DSGX': 'https://logo.clearbit.com/descartes.com',
'DXCM': 'https://logo.clearbit.com/dexcom.com',
'DRNA': 'https://logo.clearbit.com/dicerna.com',
'DGII': 'https://logo.clearbit.com/digi.com',
'DMRC': 'https://logo.clearbit.com/digimarc.com',
'APPS': 'https://logo.clearbit.com/digitalturbine.com',
'DCOM': 'https://logo.clearbit.com/dime.com',
'DIOD': 'https://logo.clearbit.com/diodes.com',
'DISCB': 'https://logo.clearbit.com/corporate.discovery.com',
'DISCK': 'https://logo.clearbit.com/corporate.discovery.com',
'DISCA': 'https://logo.clearbit.com/corporate.discovery.com',
'DLTR': 'https://logo.clearbit.com/dollartree.com',
'DGICA': 'https://logo.clearbit.com/donegalgroup.com',
'DORM': 'https://logo.clearbit.com/dormanproducts.com',
'DLTH': 'https://logo.clearbit.com/duluthtrading.com',
'NDRA': 'https://logo.clearbit.com/endrainc.com',
'ENG': 'https://logo.clearbit.com/englobal.com',
'ESSA': 'https://logo.clearbit.com/ir.essabank.com',
'EZPW': 'https://logo.clearbit.com/ezcorp.com',
'EBMT': 'https://logo.clearbit.com/opportunitybank.com',
'EGBN': 'https://logo.clearbit.com/eaglebankcorp.com',
'EWBC': 'https://logo.clearbit.com/eastwestbank.com',
'ECHO': 'https://logo.clearbit.com/echo.com',
'SATS': 'https://logo.clearbit.com/echostar.com',
'EDAP': 'https://logo.clearbit.com/edap-tms.com',
'EDIT': 'https://logo.clearbit.com/editasmedicine.com',
'EDUC': 'https://logo.clearbit.com/edcpub.com',
'EIGR': 'https://logo.clearbit.com/eigerbio.com',
'LOCO': 'https://logo.clearbit.com/elpolloloco.com',
'ESLT': 'https://logo.clearbit.com/elbitsystems.com',
'ERI': 'https://logo.clearbit.com/eldoradoresorts.com',
'ELSE': 'https://logo.clearbit.com/electro-sensors.com',
'EA': 'https://logo.clearbit.com/ea.com',
'ENTA': 'https://logo.clearbit.com/enanta.com',
'ECPG': 'https://logo.clearbit.com/encorecapital.com',
'WIRE': 'https://logo.clearbit.com/encorewire.com',
'ENDP': 'https://logo.clearbit.com/endo.com',
'STIM': 'https://logo.clearbit.com/neurostar.com',
'EIGI': 'https://logo.clearbit.com/endurance.com',
'WATT': 'https://logo.clearbit.com/energous.com',
'ERII': 'https://logo.clearbit.com/energyrecovery.com',
'ENPH': 'https://logo.clearbit.com/enphase.com',
'ENTG': 'https://logo.clearbit.com/entegris.com',
'EBTC': 'https://logo.clearbit.com/enterprisebanking.com',
'EPZM': 'https://logo.clearbit.com/epizyme.com',
'EQIX': 'https://logo.clearbit.com/equinix.com',
'EQBK': 'https://logo.clearbit.com/equitybank.com',
'ERIE': 'https://logo.clearbit.com/erieinsurance.com',
'ESPR': 'https://logo.clearbit.com/esperion.com',
'ETSY': 'https://logo.clearbit.com/etsy.com',
'EEFT': 'https://logo.clearbit.com/euronetworldwide.com',
'EVBG': 'https://logo.clearbit.com/everbridge.com',
'MRAM': 'https://logo.clearbit.com/everspin.com',
'EVGN': 'https://logo.clearbit.com/evogene.com',
'EVOK': 'https://logo.clearbit.com/evokepharma.com',
'XONE': 'https://logo.clearbit.com/exone.com',
'EXEL': 'https://logo.clearbit.com/exelixis.com',
'EXLS': 'https://logo.clearbit.com/exlservice.com',
'EXPD': 'https://logo.clearbit.com/expeditors.com',
'EXPO': 'https://logo.clearbit.com/exponent.com',
'EXTR': 'https://logo.clearbit.com/extremenetworks.com',
'FFIV': 'https://logo.clearbit.com/f5.com',
'FARO': 'https://logo.clearbit.com/faro.com',
'FFNW': 'https://logo.clearbit.com/ffnwb.com',
'FLIR': 'https://logo.clearbit.com/flir.com',
'FRPH': 'https://logo.clearbit.com/frpholdings.com',
'FSBW': 'https://logo.clearbit.com/fsbwa.com',
'FB': 'https://logo.clearbit.com/investor.fb.com',
'FARM': 'https://logo.clearbit.com/farmerbros.com',
'FMAO': 'https://logo.clearbit.com/fm.bank',
'FAST': 'https://logo.clearbit.com/fastenal.com',
'FBSS': 'https://logo.clearbit.com/tfb.bank',
'FITB': 'https://logo.clearbit.com/53.com',
'FITBI': 'https://logo.clearbit.com/53.com',
'FITBP': 'https://logo.clearbit.com/53.com',
'FEYE': 'https://logo.clearbit.com/fireeye.com',
'FBNC': 'https://logo.clearbit.com/localfirstbank.com',
'FNLC': 'https://logo.clearbit.com/thefirst.com',
'FBMS': 'https://logo.clearbit.com/thefirstbank.com',
'FBIZ': 'https://logo.clearbit.com/firstbusiness.com',
'FCAP': 'https://logo.clearbit.com/firstharrison.com',
'FCNCA': 'https://logo.clearbit.com/firstcitizens.com',
'FCBC': 'https://logo.clearbit.com/firstcommunitybank.com',
'FFBC': 'https://logo.clearbit.com/bankatfirst.com',
'FFIN': 'https://logo.clearbit.com/ffin.com',
'THFF': 'https://logo.clearbit.com/first-online.com',
'FFWM': 'https://logo.clearbit.com/firstfoundationinc.com',
'FHB': 'https://logo.clearbit.com/fhb.com',
'FRME': 'https://logo.clearbit.com/firstmerchants.com',
'FMBH': 'https://logo.clearbit.com/firstmid.com',
'FMBI': 'https://logo.clearbit.com/firstmidwest.com',
'FNWB': 'https://logo.clearbit.com/ourfirstfed.com',
'FSFG': 'https://logo.clearbit.com/fsbbank.net',
'FSLR': 'https://logo.clearbit.com/firstsolar.com',
'FUNC': 'https://logo.clearbit.com/mybank.com',
'SVVC': 'https://logo.clearbit.com/firsthandtvf.com',
'FISV': 'https://logo.clearbit.com/fiserv.com',
'FIVE': 'https://logo.clearbit.com/fivebelow.com',
'FIVN': 'https://logo.clearbit.com/five9.com',
'FLEX': 'https://logo.clearbit.com/flex.com',
'FLOW': 'https://logo.clearbit.com/spxflow.com',
'FLDM': 'https://logo.clearbit.com/fluidigm.com',
'FORM': 'https://logo.clearbit.com/formfactor.com',
'FORR': 'https://logo.clearbit.com/forrester.com',
'FRTA': 'https://logo.clearbit.com/forterrabp.com',
'FTNT': 'https://logo.clearbit.com/fortinet.com',
'FWRD': 'https://logo.clearbit.com/forwardair.com',
'FELE': 'https://logo.clearbit.com/franklin-electric.com',
'FRPT': 'https://logo.clearbit.com/freshpet.com',
'SONO': 'https://logo.clearbit.com/sonos.com',
'FLL': 'https://logo.clearbit.com/fullhouseresorts.com',
'FULT': 'https://logo.clearbit.com/fult.com',
'GIII': 'https://logo.clearbit.com/giii.com',
'GTHX': 'https://logo.clearbit.com/g1therapeutics.com',
'GDS': 'https://logo.clearbit.com/gds-services.com',
'GSIT': 'https://logo.clearbit.com/gsitechnology.com',
'GTYH': 'https://logo.clearbit.com/gtytechnology.com',
'GWPH': 'https://logo.clearbit.com/gwpharm.com',
'GWGH': 'https://logo.clearbit.com/gwgh.com',
'GLPI': 'https://logo.clearbit.com/glpropinc.com',
'GENC': 'https://logo.clearbit.com/gencor.com',
'GNTX': 'https://logo.clearbit.com/gentex.com',
'GEOS': 'https://logo.clearbit.com/geospace.com',
'GERN': 'https://logo.clearbit.com/geron.com',
'ROCK': 'https://logo.clearbit.com/gibraltar1.com',
'GILD': 'https://logo.clearbit.com/gilead.com',
'GLBZ': 'https://logo.clearbit.com/thebankofglenburnie.com',
'GBT': 'https://logo.clearbit.com/gbt.com',
'SELF': 'https://logo.clearbit.com/globalselfstorage.us',
'GLUU': 'https://logo.clearbit.com/glu.com',
'GPRO': 'https://logo.clearbit.com/gopro.com',
'GOGO': 'https://logo.clearbit.com/gogoair.com',
'GLNG': 'https://logo.clearbit.com/golarlng.com',
'GDEN': 'https://logo.clearbit.com/goldenent.com',
'GT': 'https://logo.clearbit.com/goodyear.com',
'LOPE': 'https://logo.clearbit.com/gce.com',
'GSBC': 'https://logo.clearbit.com/greatsouthernbank.com',
'GCBC': 'https://logo.clearbit.com/thebankofgreenecounty.com',
'OMAB': 'https://logo.clearbit.com/oma.aero',
'GGAL': 'https://logo.clearbit.com/gfgsa.com',
'GNTY': 'https://logo.clearbit.com/gnty.com',
'HDS': 'https://logo.clearbit.com/hdsupply.com',
'HMSY': 'https://logo.clearbit.com/investor.hms.com',
'HTGM': 'https://logo.clearbit.com/htgmolecular.com',
'HAIN': 'https://logo.clearbit.com/hain.com',
'HALO': 'https://logo.clearbit.com/halozyme.com',
'HLNE': 'https://logo.clearbit.com/hamiltonlane.com',
'HONE': 'https://logo.clearbit.com/harborone.com',
'HBIO': 'https://logo.clearbit.com/harvardbioscience.com',
'HAS': 'https://logo.clearbit.com/hasbro.com',
'HAYN': 'https://logo.clearbit.com/haynesintl.com',
'HSTM': 'https://logo.clearbit.com/healthstream.com',
'HCSG': 'https://logo.clearbit.com/hcsgcorp.com',
'HQY': 'https://logo.clearbit.com/healthequity.com',
'HTLD': 'https://logo.clearbit.com/heartlandexpress.com',
'HSII': 'https://logo.clearbit.com/heidrick.com',
'BLBD': 'https://logo.clearbit.com/blue-bird.com',
'HSIC': 'https://logo.clearbit.com/henryschein.com',
'HCCI': 'https://logo.clearbit.com/crystal-clean.com',
'MLHR': 'https://logo.clearbit.com/hermanmiller.com',
'CUBA': 'https://logo.clearbit.com/herzfeld.com',
'HOLX': 'https://logo.clearbit.com/hologic.com',
'HBCP': 'https://logo.clearbit.com/home24bank.com',
'HFBL': 'https://logo.clearbit.com/hfbla.com',
'HOME': 'https://logo.clearbit.com/athome.com',
'HTBI': 'https://logo.clearbit.com/htb.com',
'HOFT': 'https://logo.clearbit.com/hookerfurniture.com',
'HMHC': 'https://logo.clearbit.com/hmhco.com',
'HWCC': 'https://logo.clearbit.com/houwire.com',
'HBMD': 'https://logo.clearbit.com/howardbank.com',
'HUBG': 'https://logo.clearbit.com/hubgroup.com',
'HBAN': 'https://logo.clearbit.com/huntington.com',
'HBANO': 'https://logo.clearbit.com/huntington.com',
'HURC': 'https://logo.clearbit.com/hurco.com',
'HURN': 'https://logo.clearbit.com/huronconsultinggroup.com',
'HCM': 'https://logo.clearbit.com/chi-med.com',
'ICFI': 'https://logo.clearbit.com/icf.com',
'ICLR': 'https://logo.clearbit.com/iconplc.com',
'ICUI': 'https://logo.clearbit.com/icumed.com',
'IDXX': 'https://logo.clearbit.com/idexx.com',
'INFO': 'https://logo.clearbit.com/ihsmarkit.com',
'IIVI': 'https://logo.clearbit.com/ii-vi.com',
'PI': 'https://logo.clearbit.com/impinj.com',
'IPGP': 'https://logo.clearbit.com/ipgphotonics.com',
'IRIX': 'https://logo.clearbit.com/iridex.com',
'ICHR': 'https://logo.clearbit.com/ichorsystems.com',
'ISNS': 'https://logo.clearbit.com/imagesensing.com',
'IMMR': 'https://logo.clearbit.com/immersion.com',
'IMGN': 'https://logo.clearbit.com/immunogen.com',
'IMMU': 'https://logo.clearbit.com/immunomedics.com',
'INCY': 'https://logo.clearbit.com/incyte.com',
'INDB': 'https://logo.clearbit.com/rocklandtrust.com',
'IBTX': 'https://logo.clearbit.com/independent-bank.com',
'INFN': 'https://logo.clearbit.com/infinera.com',
'INFI': 'https://logo.clearbit.com/infi.com',
'III': 'https://logo.clearbit.com/isg-one.com',
'INWK': 'https://logo.clearbit.com/inwk.com',
'IOSP': 'https://logo.clearbit.com/innospecinc.com',
'ISSC': 'https://logo.clearbit.com/innovative-ss.com',
'INGN': 'https://logo.clearbit.com/inogen.com',
'INOV': 'https://logo.clearbit.com/inovalon.com',
'INSG': 'https://logo.clearbit.com/inseego.com',
'NSIT': 'https://logo.clearbit.com/insight.com',
'ISIG': 'https://logo.clearbit.com/insigniasystems.com',
'PODD': 'https://logo.clearbit.com/insulet.com',
'NTEC': 'https://logo.clearbit.com/intecpharma.com',
'INMD': 'https://logo.clearbit.com/inmodemd.com',
'INTC': 'https://logo.clearbit.com/intel.com',
'NTLA': 'https://logo.clearbit.com/intelliatx.com',
'IBKR': 'https://logo.clearbit.com/interactivebrokers.com',
'ICPT': 'https://logo.clearbit.com/interceptpharma.com',
'IBOC': 'https://logo.clearbit.com/ibc.com',
'XENT': 'https://logo.clearbit.com/intersectent.com',
'IVAC': 'https://logo.clearbit.com/intevac.com',
'IIN': 'https://logo.clearbit.com/intricon.com',
'INTU': 'https://logo.clearbit.com/intuit.com',
'ISTR': 'https://logo.clearbit.com/investarbank.com',
'ISBC': 'https://logo.clearbit.com/myinvestorsbank.com',
'ITIC': 'https://logo.clearbit.com/invtitle.com',
'IONS': 'https://logo.clearbit.com/ionispharma.com',
'IRTC': 'https://logo.clearbit.com/iRhythmTech.com',
'IRDM': 'https://logo.clearbit.com/iridium.com',
'IRWD': 'https://logo.clearbit.com/ironwoodpharma.com',
'ITRI': 'https://logo.clearbit.com/itron.com',
'ITRN': 'https://logo.clearbit.com/ituran.com',
'JJSF': 'https://logo.clearbit.com/jjsnack.com',
'JAX': 'https://logo.clearbit.com/jalexandersholdings.com',
'JBHT': 'https://logo.clearbit.com/jbhunt.com',
'MAYS': 'https://logo.clearbit.com/jwmays.com',
'JAKK': 'https://logo.clearbit.com/jakks.com',
'JD': 'https://logo.clearbit.com/jd.com',
'JCO': 'https://logo.clearbit.com/nuveen.com',
'JBLU': 'https://logo.clearbit.com/jetblue.com',
'JBSS': 'https://logo.clearbit.com/jbssinc.com',
'JYNT': 'https://logo.clearbit.com/thejoint.com',
'JNCE': 'https://logo.clearbit.com/jouncetx.com',
'KLAC': 'https://logo.clearbit.com/kla.com',
'KALU': 'https://logo.clearbit.com/kaiseraluminum.com',
'KALV': 'https://logo.clearbit.com/kalvista.com',
'KMDA': 'https://logo.clearbit.com/kamada.com',
'KNDI': 'https://logo.clearbit.com/kandivehicle.com',
'KPTI': 'https://logo.clearbit.com/karyopharm.com',
'KFFB': 'https://logo.clearbit.com/ffsbky.bank',
'KEQU': 'https://logo.clearbit.com/kewaunee.com',
'KTCC': 'https://logo.clearbit.com/keytronic.com',
'KE': 'https://logo.clearbit.com/kimballelectronics.com',
'KBAL': 'https://logo.clearbit.com/kimballinternational.com',
'KIN': 'https://logo.clearbit.com/kindredbio.com',
'KTOV': 'https://logo.clearbit.com/kitovpharma.com',
'KOPN': 'https://logo.clearbit.com/kopin.com',
'KRNT': 'https://logo.clearbit.com/kornit.com',
'KOSS': 'https://logo.clearbit.com/koss.com',
'KHC': 'https://logo.clearbit.com/kraftheinzcompany.com',
'KURA': 'https://logo.clearbit.com/kuraoncology.com',
'FSTR': 'https://logo.clearbit.com/lbfoster.com',
'LGIH': 'https://logo.clearbit.com/lgihomes.com',
'LHCG': 'https://logo.clearbit.com/lhcgroup.com',
'LPLA': 'https://logo.clearbit.com/lpl.com',
'LSI': 'https://logo.clearbit.com/lifestorage.com',
'LYTS': 'https://logo.clearbit.com/lsi-industries.com',
'BOOT': 'https://logo.clearbit.com/bootbarn.com',
'LBAI': 'https://logo.clearbit.com/lakelandbank.com',
'LKFN': 'https://logo.clearbit.com/lakecitybank.com',
'LAKE': 'https://logo.clearbit.com/lakeland.com',
'LRCX': 'https://logo.clearbit.com/lamresearch.com',
'LE': 'https://logo.clearbit.com/landsend.com',
'LSCC': 'https://logo.clearbit.com/latticesemi.com',
'LAUR': 'https://logo.clearbit.com/laureate.net',
'LAWS': 'https://logo.clearbit.com/lawsonproducts.com',
'LMAT': 'https://logo.clearbit.com/lemaitre.com',
'LPTX': 'https://logo.clearbit.com/leaptx.com',
'TREE': 'https://logo.clearbit.com/lendingtree.com',
'BATRA': 'https://logo.clearbit.com/libertymedia.com',
'BATRK': 'https://logo.clearbit.com/libertymedia.com',
'LBRDA': 'https://logo.clearbit.com/libertybroadband.com',
'LBRDK': 'https://logo.clearbit.com/libertybroadband.com',
'LBTYA': 'https://logo.clearbit.com/libertyglobal.com',
'LILA': 'https://logo.clearbit.com/lla.com',
'LBTYB': 'https://logo.clearbit.com/libertyglobal.com',
'LILAK': 'https://logo.clearbit.com/lla.com',
'LBTYK': 'https://logo.clearbit.com/libertyglobal.com',
'FWONK': 'https://logo.clearbit.com/libertymedia.com',
'LSXMA': 'https://logo.clearbit.com/libertymedia.com',
'LSXMB': 'https://logo.clearbit.com/libertymedia.com',
'LSXMK': 'https://logo.clearbit.com/libertymedia.com',
'LTRPA': 'https://logo.clearbit.com/libertytripadvisorholdings.com',
'LWAY': 'https://logo.clearbit.com/lifewaykefir.com',
'LMB': 'https://logo.clearbit.com/limbachinc.com',
'LLNW': 'https://logo.clearbit.com/limelight.com',
'LINC': 'https://logo.clearbit.com/lincolntech.edu',
'LIND': 'https://logo.clearbit.com/expeditions.com',
'LFUS': 'https://logo.clearbit.com/littelfuse.com',
'LIVN': 'https://logo.clearbit.com/livanova.com',
'LPSN': 'https://logo.clearbit.com/liveperson.com',
'LOGM': 'https://logo.clearbit.com/logmeininc.com',
'LONE': 'https://logo.clearbit.com/lonestarresources.com',
'LORL': 'https://logo.clearbit.com/loral.com',
'LULU': 'https://logo.clearbit.com/lululemon.com',
'LITE': 'https://logo.clearbit.com/lumentum.com',
'LMNX': 'https://logo.clearbit.com/luminexcorp.com',
'LUNA': 'https://logo.clearbit.com/lunainc.com',
'MTSI': 'https://logo.clearbit.com/macom.com',
'MGEE': 'https://logo.clearbit.com/mgeenergy.com',
'MNDO': 'https://logo.clearbit.com/mindcti.com',
'MKSI': 'https://logo.clearbit.com/mksinst.com',
'MMAC': 'https://logo.clearbit.com/mmacapitalholdings.com',
'MTSC': 'https://logo.clearbit.com/mts.com',
'MYRG': 'https://logo.clearbit.com/myrgroup.com',
'MFNC': 'https://logo.clearbit.com/bankmbank.com',
'MGNX': 'https://logo.clearbit.com/macrogenics.com',
'MDGL': 'https://logo.clearbit.com/madrigalpharma.com',
'MAGS': 'https://logo.clearbit.com/magalsecurity.com',
'MGLN': 'https://logo.clearbit.com/magellanhealth.com',
'MGIC': 'https://logo.clearbit.com/magicsoftware.com',
'MGYR': 'https://logo.clearbit.com/magbank.com',
'MBUU': 'https://logo.clearbit.com/malibuboats.com',
'TUSK': 'https://logo.clearbit.com/mammothenergy.com',
'MANH': 'https://logo.clearbit.com/manh.com',
'MANT': 'https://logo.clearbit.com/mantech.com',
'MCHX': 'https://logo.clearbit.com/marchex.com',
'MKTX': 'https://logo.clearbit.com/marketaxess.com',
'MAR': 'https://logo.clearbit.com/marriott.com',
'MBII': 'https://logo.clearbit.com/marronebio.com',
'MRVL': 'https://logo.clearbit.com/marvell.com',
'MASI': 'https://logo.clearbit.com/masimo.com',
'MTLS': 'https://logo.clearbit.com/materialise.com',
'MTRX': 'https://logo.clearbit.com/matrixservicecompany.com',
'MAT': 'https://logo.clearbit.com/mattel.com',
'MATW': 'https://logo.clearbit.com/matw.com',
'MXIM': 'https://logo.clearbit.com/maximintegrated.com',
'MFIN': 'https://logo.clearbit.com/medallion.com',
'MTBC': 'https://logo.clearbit.com/mtbc.com',
'MDWD': 'https://logo.clearbit.com/mediwound.com',
'MEDP': 'https://logo.clearbit.com/medpace.com',
'MLCO': 'https://logo.clearbit.com/melco-resorts.com',
'MELI': 'https://logo.clearbit.com/mercadolibre.com',
'MBWM': 'https://logo.clearbit.com/mercbank.com',
'MRCY': 'https://logo.clearbit.com/mrcy.com',
'EBSB': 'https://logo.clearbit.com/ebsb.com',
'VIVO': 'https://logo.clearbit.com/meridianbioscience.com',
'MMSI': 'https://logo.clearbit.com/merit.com',
'MESO': 'https://logo.clearbit.com/mesoblast.com',
'MEOH': 'https://logo.clearbit.com/methanex.com',
'MCBI': 'https://logo.clearbit.com/mcb.com',
'MCHP': 'https://logo.clearbit.com/microchip.com',
'MSFT': 'https://logo.clearbit.com/microsoft.com',
'MPB': 'https://logo.clearbit.com/midpennbank.com',
'MBCN': 'https://logo.clearbit.com/middlefieldbank.bank',
'MSEX': 'https://logo.clearbit.com/middlesexwater.com',
'MSBI': 'https://logo.clearbit.com/midlandsb.com',
'MIME': 'https://logo.clearbit.com/mimecast.com',
'NERV': 'https://logo.clearbit.com/minervaneurosciences.com',
'MGEN': 'https://logo.clearbit.com/miragen.com',
'MRTX': 'https://logo.clearbit.com/mirati.com',
'MIND': 'https://logo.clearbit.com/mitchamindustries.com',
'MITK': 'https://logo.clearbit.com/miteksystems.com',
'MBRX': 'https://logo.clearbit.com/moleculin.com',
'MNTA': 'https://logo.clearbit.com/momentapharma.com',
'MPWR': 'https://logo.clearbit.com/monolithicpower.com',
'MNRO': 'https://logo.clearbit.com/monro.com',
'MRCC': 'https://logo.clearbit.com/monroebdc.com',
'MORN': 'https://logo.clearbit.com/morningstar.com',
'MPAA': 'https://logo.clearbit.com/motorcarparts.com',
'MYL': 'https://logo.clearbit.com/mylan.com',
'MYOK': 'https://logo.clearbit.com/myokardia.com',
'MYGN': 'https://logo.clearbit.com/myriad.com',
'SWTX': 'https://logo.clearbit.com/springworkstx.com',
'NCSM': 'https://logo.clearbit.com/ncsmultistage.com',
'EGOV': 'https://logo.clearbit.com/egov.com',
'NMIH': 'https://logo.clearbit.com/nationalmi.com',
'NVEE': 'https://logo.clearbit.com/nv5.com',
'NVDA': 'https://logo.clearbit.com/nvidia.com',
'NSTG': 'https://logo.clearbit.com/nanostring.com',
'NH': 'https://logo.clearbit.com/nanthealth.com',
'NK': 'https://logo.clearbit.com/nantkwest.com',
'NSSC': 'https://logo.clearbit.com/napcosecurity.com',
'NDAQ': 'https://logo.clearbit.com/nasdaq.com',
'NTRA': 'https://logo.clearbit.com/natera.com',
'NKSH': 'https://logo.clearbit.com/nationalbankshares.com',
'FIZZ': 'https://logo.clearbit.com/nationalbeverage.com',
'NGHC': 'https://logo.clearbit.com/nationalgeneral.com',
'NGHCP': 'https://logo.clearbit.com/nationalgeneral.com',
'NGHCO': 'https://logo.clearbit.com/nationalgeneral.com',
'NGHCN': 'https://logo.clearbit.com/nationalgeneral.com',
'NAVI': 'https://logo.clearbit.com/navient.com',
'NTAP': 'https://logo.clearbit.com/netapp.com',
'NTES': 'https://logo.clearbit.com/ir.netease.com',
'NTGR': 'https://logo.clearbit.com/netgear.com',
'NTCT': 'https://logo.clearbit.com/netscout.com',
'NLST': 'https://logo.clearbit.com/netlist.com',
'NWSA': 'https://logo.clearbit.com/newscorp.com',
'NWS': 'https://logo.clearbit.com/newscorp.com',
'NXST': 'https://logo.clearbit.com/nexstar.tv',
'NICE': 'https://logo.clearbit.com/nice.com',
'NCBS': 'https://logo.clearbit.com/nicoletbank.com',
'NINE': 'https://logo.clearbit.com/nineenergyservice.com',
'NDLS': 'https://logo.clearbit.com/noodles.com',
'NDSN': 'https://logo.clearbit.com/nordson.com',
'NSYS': 'https://logo.clearbit.com/nortechsys.com',
'NBN': 'https://logo.clearbit.com/northeastbank.com',
'NTRS': 'https://logo.clearbit.com/northerntrust.com',
'NFBK': 'https://logo.clearbit.com/enorthfield.com',
'NRIM': 'https://logo.clearbit.com/northrim.com',
'NWBI': 'https://logo.clearbit.com/northwest.bank',
'NWPX': 'https://logo.clearbit.com/nwpipe.com',
'NVMI': 'https://logo.clearbit.com/novami.com',
'NOVN': 'https://logo.clearbit.com/novan.com',
'NVUS': 'https://logo.clearbit.com/novustherapeutics.com',
'NUAN': 'https://logo.clearbit.com/nuance.com',
'ORLY': 'https://logo.clearbit.com/oreillyauto.com',
'ON': 'https://logo.clearbit.com/onsemi.com',
'ORBC': 'https://logo.clearbit.com/orbcomm.com',
'OSIS': 'https://logo.clearbit.com/osi-systems.com',
'OVLY': 'https://logo.clearbit.com/ovcb.com',
'OBSV': 'https://logo.clearbit.com/obseva.com',
'OCUL': 'https://logo.clearbit.com/ocutx.com',
'OVBC': 'https://logo.clearbit.com/ovbc.com',
'OKTA': 'https://logo.clearbit.com/okta.com',
'ODFL': 'https://logo.clearbit.com/odfl.com',
'ONB': 'https://logo.clearbit.com/oldnational.com',
'OPOF': 'https://logo.clearbit.com/oldpoint.com',
'OLLI': 'https://logo.clearbit.com/ollies.us',
'ZEUS': 'https://logo.clearbit.com/olysteel.com',
'OMER': 'https://logo.clearbit.com/omeros.com',
'ORCC': 'https://logo.clearbit.com/owlrock.com',
'OTEX': 'https://logo.clearbit.com/opentext.com',
'OPK': 'https://logo.clearbit.com/opko.com',
'ONVO': 'https://logo.clearbit.com/organovo.com',
'OESX': 'https://logo.clearbit.com/orionlighting.com',
'OFIX': 'https://logo.clearbit.com/orthofix.com',
'OTEL': 'https://logo.clearbit.com/otelco.com',
'OTIC': 'https://logo.clearbit.com/otonomy.com',
'OSTK': 'https://logo.clearbit.com/overstock.com',
'OVID': 'https://logo.clearbit.com/ovidrx.com',
'OXFD': 'https://logo.clearbit.com/oxfordimmunotec.com',
'PCAR': 'https://logo.clearbit.com/paccar.com',
'PAVM': 'https://logo.clearbit.com/pavmed.com',
'PCTI': 'https://logo.clearbit.com/pctel.com',
'PDFS': 'https://logo.clearbit.com/pdf.com',
'PDLI': 'https://logo.clearbit.com/pdl.com',
'PLXP': 'https://logo.clearbit.com/plxpharma.com',
'PRAH': 'https://logo.clearbit.com/prahs.com',
'PVBC': 'https://logo.clearbit.com/theprovidentbank.com',
'PTCT': 'https://logo.clearbit.com/ptcbio.com',
'PACB': 'https://logo.clearbit.com/pacb.com',
'PAAS': 'https://logo.clearbit.com/panamericansilver.com',
'PZZA': 'https://logo.clearbit.com/papajohns.com',
'PRTK': 'https://logo.clearbit.com/paratekpharma.com',
'PTNR': 'https://logo.clearbit.com/partner.co.il',
'PBHC': 'https://logo.clearbit.com/pathfinderbank.com',
'PDCO': 'https://logo.clearbit.com/pattersoncompanies.com',
'PAYX': 'https://logo.clearbit.com/paychex.com',
'PCTY': 'https://logo.clearbit.com/paylocity.com',
'PYPL': 'https://logo.clearbit.com/paypal.com',
'PEGA': 'https://logo.clearbit.com/pega.com',
'PENN': 'https://logo.clearbit.com/pngaming.com',
'PVAC': 'https://logo.clearbit.com/pennvirginia.com',
'PBCT': 'https://logo.clearbit.com/peoples.com',
'PBCTP': 'https://logo.clearbit.com/peoples.com',
'PEBO': 'https://logo.clearbit.com/peoplesbancorp.com',
'PFBX': 'https://logo.clearbit.com/thepeoples.com',
'PRCP': 'https://logo.clearbit.com/perceptron.com',
'PRFT': 'https://logo.clearbit.com/perficient.com',
'PAHC': 'https://logo.clearbit.com/pahc.com',
'PLAB': 'https://logo.clearbit.com/photronics.com',
'PPC': 'https://logo.clearbit.com/pilgrims.com',
'PNFP': 'https://logo.clearbit.com/pnfp.com',
'PLYA': 'https://logo.clearbit.com/playaresorts.com',
'POOL': 'https://logo.clearbit.com/poolcorp.com',
'PBPB': 'https://logo.clearbit.com/potbelly.com',
'POWI': 'https://logo.clearbit.com/power.com',
'PSTL': 'https://logo.clearbit.com/postalrealtytrust.com',
'PRAA': 'https://logo.clearbit.com/pragroup.com',
'PLPC': 'https://logo.clearbit.com/preformed.com',
'PINC': 'https://logo.clearbit.com/premierinc.com',
'PSMT': 'https://logo.clearbit.com/pricesmart.com',
'PRIM': 'https://logo.clearbit.com/primoriscorp.com',
'PRQR': 'https://logo.clearbit.com/proqr.com',
'PFIE': 'https://logo.clearbit.com/profireenergy.com',
'PRGS': 'https://logo.clearbit.com/progress.com',
'PFPT': 'https://logo.clearbit.com/proofpoint.com',
'PRTA': 'https://logo.clearbit.com/prothena.com',
'PBIP': 'https://logo.clearbit.com/psbanker.com',
'PLSE': 'https://logo.clearbit.com/pulsebiosciences.com',
'PXS': 'https://logo.clearbit.com/pyxistankers.com',
'QADA': 'https://logo.clearbit.com/qad.com',
'QADB': 'https://logo.clearbit.com/qad.com',
'QCOM': 'https://logo.clearbit.com/qualcomm.com',
'QRVO': 'https://logo.clearbit.com/qorvo.com',
'QLYS': 'https://logo.clearbit.com/qualys.com',
'QNST': 'https://logo.clearbit.com/quinstreet.com',
'QUMU': 'https://logo.clearbit.com/qumu.com',
'QTNT': 'https://logo.clearbit.com/quotientbd.com',
'ROLL': 'https://logo.clearbit.com/rbcbearings.com',
'RICK': 'https://logo.clearbit.com/rcihospitality.com',
'RGCO': 'https://logo.clearbit.com/rgcresources.com',
'RMR': 'https://logo.clearbit.com/rmrgroup.com',
'RTIX': 'https://logo.clearbit.com/rtix.com',
'RDUS': 'https://logo.clearbit.com/radiuspharm.com',
'RDWR': 'https://logo.clearbit.com/radware.com',
'RMBS': 'https://logo.clearbit.com/rambus.com',
'RPD': 'https://logo.clearbit.com/rapid7.com',
'RP': 'https://logo.clearbit.com/realpage.com',
'RETA': 'https://logo.clearbit.com/reatapharma.com',
'REPH': 'https://logo.clearbit.com/recropharma.com',
'RDHL': 'https://logo.clearbit.com/redhillbio.com',
'REGN': 'https://logo.clearbit.com/regeneron.com',
'RGNX': 'https://logo.clearbit.com/regenxbio.com',
'REGI': 'https://logo.clearbit.com/regi.com',
'RCII': 'https://logo.clearbit.com/rentacenter.com',
'RGEN': 'https://logo.clearbit.com/repligen.com',
'RBCAA': 'https://logo.clearbit.com/republicbank.com',
'REFR': 'https://logo.clearbit.com/smartglass.com',
'RESN': 'https://logo.clearbit.com/resonant.com',
'RVNC': 'https://logo.clearbit.com/revance.com',
'RNET': 'https://logo.clearbit.com/rig.net',
'RMTI': 'https://logo.clearbit.com/rockwellmed.com',
'RCKY': 'https://logo.clearbit.com/rockybrands.com',
'ROSE': 'https://logo.clearbit.com/rosehillresources.com',
'ROST': 'https://logo.clearbit.com/rossstores.com',
'RGLD': 'https://logo.clearbit.com/royalgold.com',
'RUSHA': 'https://logo.clearbit.com/rushenterprises.com',
'RUTH': 'https://logo.clearbit.com/rhgi.com',
'SAGE': 'https://logo.clearbit.com/sagerx.com',
'SCYX': 'https://logo.clearbit.com/scynexis.com',
'SEIC': 'https://logo.clearbit.com/seic.com',
'SINA': 'https://logo.clearbit.com/sina.com',
'SLM': 'https://logo.clearbit.com/salliemae.com',
'SLMBP': 'https://logo.clearbit.com/salliemae.com',
'SP': 'https://logo.clearbit.com/spplus.com',
'SPSC': 'https://logo.clearbit.com/spscommerce.com',
'SSNC': 'https://logo.clearbit.com/ssctech.com',
'SABR': 'https://logo.clearbit.com/sabre.com',
'SAFT': 'https://logo.clearbit.com/safetyinsurance.com',
'SAIA': 'https://logo.clearbit.com/saia.com',
'SALM': 'https://logo.clearbit.com/salemmedia.com',
'SAL': 'https://logo.clearbit.com/salisburybank.com',
'SAFM': 'https://logo.clearbit.com/sandersonfarms.com',
'SASR': 'https://logo.clearbit.com/sandyspringbank.com',
'SGMO': 'https://logo.clearbit.com/sangamo.com',
'SPNS': 'https://logo.clearbit.com/sapiens.com',
'SVRA': 'https://logo.clearbit.com/savarapharma.com',
'SCSC': 'https://logo.clearbit.com/scansource.com',
'SCHN': 'https://logo.clearbit.com/schnitzersteel.com',
'SEAC': 'https://logo.clearbit.com/seachange.com',
'SPNE': 'https://logo.clearbit.com/seaspine.com',
'SGEN': 'https://logo.clearbit.com/seattlegenetics.com',
'SCWX': 'https://logo.clearbit.com/secureworks.com',
'SNFCA': 'https://logo.clearbit.com/securitynational.com',
'SELB': 'https://logo.clearbit.com/selectabio.com',
'SIGI': 'https://logo.clearbit.com/selective.com',
'SMTC': 'https://logo.clearbit.com/semtech.com',
'SENEA': 'https://logo.clearbit.com/senecafoods.com',
'MCRB': 'https://logo.clearbit.com/serestherapeutics.com',
'SREV': 'https://logo.clearbit.com/servicesource.com',
'SFBS': 'https://logo.clearbit.com/servisfirstbank.com',
'SVBI': 'https://logo.clearbit.com/severnbank.com',
'SMED': 'https://logo.clearbit.com/sharpsinc.com',
'SHEN': 'https://logo.clearbit.com/shentel.com',
'SHLO': 'https://logo.clearbit.com/shiloh.com',
'SCVL': 'https://logo.clearbit.com/shoecarnival.com',
'SSTI': 'https://logo.clearbit.com/shotspotter.com',
'SWIR': 'https://logo.clearbit.com/sierrawireless.com',
'SIGM': 'https://logo.clearbit.com/sigmadesigns.com',
'SGMA': 'https://logo.clearbit.com/sigmatronintl.com',
'SBNY': 'https://logo.clearbit.com/signatureny.com',
'SLGN': 'https://logo.clearbit.com/silganholdings.com',
'SLAB': 'https://logo.clearbit.com/silabs.com',
'SIMO': 'https://logo.clearbit.com/siliconmotion.com',
'SFNC': 'https://logo.clearbit.com/simmonsbank.com',
'SLP': 'https://logo.clearbit.com/simulations-plus.com',
'SBGI': 'https://logo.clearbit.com/sbgi.net',
'SIRI': 'https://logo.clearbit.com/siriusxm.com',
'SKYW': 'https://logo.clearbit.com/inc.skywest.com',
'SWKS': 'https://logo.clearbit.com/skyworksinc.com',
'SPRO': 'https://logo.clearbit.com/sperotherapeutics.com',
'SRAX': 'https://logo.clearbit.com/srax.com',
'SOHU': 'https://logo.clearbit.com/sohu.com',
'SCTY': 'https://logo.clearbit.com/brinkshome.com',
'SEDG': 'https://logo.clearbit.com/solaredge.com',
'SOHOB': 'https://logo.clearbit.com/sotherlyhotels.com',
'SFBC': 'https://logo.clearbit.com/soundcb.com',
'SMBC': 'https://logo.clearbit.com/bankwithsouthern.com',
'SONA': 'https://logo.clearbit.com/sonabank.com',
'SBSI': 'https://logo.clearbit.com/southside.com',
'SPKE': 'https://logo.clearbit.com/sparkenergy.com',
'SAVE': 'https://logo.clearbit.com/spirit.com',
'SPLK': 'https://logo.clearbit.com/splunk.com',
'SPOK': 'https://logo.clearbit.com/spok.com',
'SPWH': 'https://logo.clearbit.com/sportsmans.com',
'SBPH': 'https://logo.clearbit.com/springbankpharm.com',
'SFM': 'https://logo.clearbit.com/sprouts.com',
'SBUX': 'https://logo.clearbit.com/starbucks.com',
'GASS': 'https://logo.clearbit.com/stealthgas.com',
'SMRT': 'https://logo.clearbit.com/steinmart.com',
'SRCL': 'https://logo.clearbit.com/stericycle.com',
'STSA': 'https://logo.clearbit.com/satsumarx.com',
'SHOO': 'https://logo.clearbit.com/stevemadden.com',
'SSYS': 'https://logo.clearbit.com/stratasys.com',
'STRT': 'https://logo.clearbit.com/strattec.com',
'STRA': 'https://logo.clearbit.com/strategiceducation.com',
'SSBI': 'https://logo.clearbit.com/summitstatebank.com',
'SMMT': 'https://logo.clearbit.com/summitplc.com',
'SPWR': 'https://logo.clearbit.com/us.sunpower.com',
'RUN': 'https://logo.clearbit.com/sunrun.com',
'SMCI': 'https://logo.clearbit.com/supermicro.com',
'SGC': 'https://logo.clearbit.com/superiorgroupofcompanies.com',
'SUPN': 'https://logo.clearbit.com/supernus.com',
'SRDX': 'https://logo.clearbit.com/surmodics.com',
'SGRY': 'https://logo.clearbit.com/surgerypartners.com',
'SBBX': 'https://logo.clearbit.com/sbone.bank',
'SYKE': 'https://logo.clearbit.com/sykes.com',
'SYNC': 'https://logo.clearbit.com/synacor.com',
'SYNA': 'https://logo.clearbit.com/synaptics.com',
'SNCR': 'https://logo.clearbit.com/synchronoss.com',
'SNDX': 'https://logo.clearbit.com/syndax.com',
'SNPS': 'https://logo.clearbit.com/synopsys.com',
'TROW': 'https://logo.clearbit.com/troweprice.com',
'TCPC': 'https://logo.clearbit.com/tcpcapital.com',
'TESS': 'https://logo.clearbit.com/tessco.com',
'TCRD': 'https://logo.clearbit.com/thlcredit.com',
'TRHC': 'https://logo.clearbit.com/tabularasahealthcare.com',
'TTWO': 'https://logo.clearbit.com/take2games.com',
'TEDU': 'https://logo.clearbit.com/ir.tedu.cn',
'TAYD': 'https://logo.clearbit.com/taylordevices.com',
'TTGT': 'https://logo.clearbit.com/techtarget.com',
'TCCO': 'https://logo.clearbit.com/tccsecure.com',
'TGEN': 'https://logo.clearbit.com/tecogen.com',
'TNAV': 'https://logo.clearbit.com/telenav.com',
'TELL': 'https://logo.clearbit.com/tellurianinc.com',
'TBNK': 'https://logo.clearbit.com/territorialsavings.net',
'TSLA': 'https://logo.clearbit.com/tesla.com',
'TTEK': 'https://logo.clearbit.com/tetratech.com',
'TCBI': 'https://logo.clearbit.com/texascapitalbank.com',
'TXN': 'https://logo.clearbit.com/ti.com',
'TXRH': 'https://logo.clearbit.com/texasroadhouse.com',
'CG': 'https://logo.clearbit.com/carlyle.com',
'TITN': 'https://logo.clearbit.com/titanmachinery.com',
'TW': 'https://logo.clearbit.com/tradeweb.com',
'TSCO': 'https://logo.clearbit.com/tractorsupply.com',
'TRNS': 'https://logo.clearbit.com/transcat.com',
'TRVN': 'https://logo.clearbit.com/trevena.com',
'TRMB': 'https://logo.clearbit.com/trimble.com',
'TRIP': 'https://logo.clearbit.com/tripadvisor.com',
'TSC': 'https://logo.clearbit.com/tristatecapitalbank.com',
'TRUE': 'https://logo.clearbit.com/truecar.com',
'THST': 'https://logo.clearbit.com/truetthurstinc.com',
'TRUP': 'https://logo.clearbit.com/trupanion.com',
'TRST': 'https://logo.clearbit.com/trustcobank.com',
'TOUR': 'https://logo.clearbit.com/tuniu.com',
'FOX': 'https://logo.clearbit.com/foxcorporation.com',
'FOXA': 'https://logo.clearbit.com/foxcorporation.com',
'PRTS': 'https://logo.clearbit.com/usautoparts.net',
'GROW': 'https://logo.clearbit.com/usfunds.com',
'UFPT': 'https://logo.clearbit.com/ufpt.com',
'UMBF': 'https://logo.clearbit.com/umb.com',
'USCR': 'https://logo.clearbit.com/us-concrete.com',
'USAK': 'https://logo.clearbit.com/usa-truck.com',
'ULTA': 'https://logo.clearbit.com/ulta.com',
'UCTT': 'https://logo.clearbit.com/uct.com',
'UNB': 'https://logo.clearbit.com/ublocal.com',
'QURE': 'https://logo.clearbit.com/uniqure.com',
'UBOH': 'https://logo.clearbit.com/theubank.com',
'UIHC': 'https://logo.clearbit.com/upcinsurance.com',
'UNFI': 'https://logo.clearbit.com/unfi.com',
'OLED': 'https://logo.clearbit.com/oled.com',
'UEIC': 'https://logo.clearbit.com/uei.com',
'UFPI': 'https://logo.clearbit.com/ufpi.com',
'ULH': 'https://logo.clearbit.com/universallogistics.com',
'UVSP': 'https://logo.clearbit.com/univest.net',
'URBN': 'https://logo.clearbit.com/urbn.com',
'UTMD': 'https://logo.clearbit.com/utahmed.com',
'VEON': 'https://logo.clearbit.com/veon.com',
'VSEC': 'https://logo.clearbit.com/vsecorp.com',
'VALU': 'https://logo.clearbit.com/valueline.com',
'VREX': 'https://logo.clearbit.com/vareximaging.com',
'VRNS': 'https://logo.clearbit.com/varonis.com',
'VCYT': 'https://logo.clearbit.com/veracyte.com',
'VSTM': 'https://logo.clearbit.com/verastem.com',
'VRNT': 'https://logo.clearbit.com/verint.com',
'VRSN': 'https://logo.clearbit.com/verisign.com',
'VRSK': 'https://logo.clearbit.com/verisk.com',
'VERI': 'https://logo.clearbit.com/veritone.com',
'VRNA': 'https://logo.clearbit.com/veronapharma.com',
'VRTX': 'https://logo.clearbit.com/vrtx.com',
'VICR': 'https://logo.clearbit.com/vicorpower.com',
'VKTX': 'https://logo.clearbit.com/vikingtherapeutics.com',
'VIRC': 'https://logo.clearbit.com/virco.com',
'VIRT': 'https://logo.clearbit.com/virtu.com',
'VRTS': 'https://logo.clearbit.com/virtus.com',
'VRTU': 'https://logo.clearbit.com/virtusa.com',
'VYGR': 'https://logo.clearbit.com/voyagertherapeutics.com',
'WDFC': 'https://logo.clearbit.com/wd40company.com',
'WBA': 'https://logo.clearbit.com/walgreensbootsalliance.com',
'WAFD': 'https://logo.clearbit.com/wafdbank.com',
'WASH': 'https://logo.clearbit.com/washtrust.com',
'WVE': 'https://logo.clearbit.com/wavelifesciences.com',
'WB': 'https://logo.clearbit.com/ir.weibo.com',
'WERN': 'https://logo.clearbit.com/werner.com',
'WSBC': 'https://logo.clearbit.com/wesbanco.com',
'WTBA': 'https://logo.clearbit.com/westbankstrong.com',
'WDC': 'https://logo.clearbit.com/westerndigital.com',
'WNEB': 'https://logo.clearbit.com/westfieldbank.com',
'WVVI': 'https://logo.clearbit.com/wvv.com',
'WLDN': 'https://logo.clearbit.com/willdan.com',
'WLFC': 'https://logo.clearbit.com/willislease.com',
'WING': 'https://logo.clearbit.com/wingstop.com',
'WTFC': 'https://logo.clearbit.com/wintrust.com',
'WTFCM': 'https://logo.clearbit.com/wintrust.com',
'WIX': 'https://logo.clearbit.com/wix.com',
'WWD': 'https://logo.clearbit.com/woodward.com',
'WRLD': 'https://logo.clearbit.com/loansbyworld.com',
'WMGI': 'https://logo.clearbit.com/wright.com',
'XBIT': 'https://logo.clearbit.com/xbiotech.com',
'XLNX': 'https://logo.clearbit.com/xilinx.com',
'XNET': 'https://logo.clearbit.com/xunlei.com',
'YNDX': 'https://logo.clearbit.com/ir.yandex.com',
'YORW': 'https://logo.clearbit.com/yorkwater.com',
'ZBRA': 'https://logo.clearbit.com/zebra.com',
'Z': 'https://logo.clearbit.com/zillowgroup.com',
'ZG': 'https://logo.clearbit.com/zillowgroup.com',
'ZN': 'https://logo.clearbit.com/zionoil.com',
'ZION': 'https://logo.clearbit.com/zionsbancorporation.com',
'ZUMZ': 'https://logo.clearbit.com/zumiez.com',
'ZYNE': 'https://logo.clearbit.com/zynerba.com',
'ARGX': 'https://logo.clearbit.com/argenx.com',
'BLUE': 'https://logo.clearbit.com/bluebirdbio.com',
'EBAY': 'https://logo.clearbit.com/ebayinc.com',
'EHTH': 'https://logo.clearbit.com/ehealthinsurance.com',
'PLUS': 'https://logo.clearbit.com/eplus.com',
'IRBT': 'https://logo.clearbit.com/irobot.com',
'ICLK': 'https://logo.clearbit.com/i-click.com',
'VTVT': 'https://logo.clearbit.com/vtvtherapeutics.com'
